{
  "timestamp": "2025-08-06T17:31:30.726487",
  "initial_state": {
    "total_pages": 627,
    "total_links": 4827,
    "valid_links": 2840,
    "broken_links": 1987,
    "health_score": 58.83571576548581
  },
  "final_state": {
    "total_pages": 627,
    "total_links": 4814,
    "valid_links": 3179,
    "broken_links": 1635,
    "health_score": 66.03656003323638
  },
  "improvements": {
    "valid_added": 339,
    "broken_fixed": 352,
    "health_improvement": 7.2008442677505755
  },
  "status": "\ud83d\udfe1 GOOD"
}